[
  {
    "Id": "1320710",
    "ThreadId": "571731",
    "Html": "Thank you so much for this. The solution under &quot;Downloads&quot; doesn't Work as mentioned under &quot;isssues&quot;. Yet hope remains... The Source Code version Works and is amazing. I used the Fluid Kit version of the Carousel for some time and because it wasn't interactive, I had to get the fluid kit carousel plus version from somewhere and it worked, but performed badly. It was also a nightmare to code to. This version however. Is performing amazing and it's much simpler though it might have fewer uses... <br />\n",
    "PostedDate": "2014-11-10T14:43:26.547-08:00",
    "UserRole": null,
    "MarkedAsAnswerDate": null
  }
]