{
  "WorkItem": {
    "AffectedComponent": {
      "Name": "",
      "DisplayName": ""
    },
    "ClosedComment": "",
    "ClosedDate": null,
    "CommentCount": 0,
    "Custom": null,
    "Description": "The demo throws a NullReferenceException immediately after the main window displays in Visual Studio 2010:\n \n   at System.Windows.Automation.Peers.AutomationPeer.Initialize()\n   at System.Windows.Automation.Peers.UIElementAutomationPeer..ctor(UIElement owner)\n   at System.Windows.Automation.Peers.WindowAutomationPeer..ctor(Window owner)\n   at System.Windows.Window.OnCreateAutomationPeer()\n   at System.Windows.UIElement.CreateAutomationPeer()\n   at System.Windows.Interop.HwndTarget.CriticalHandleWMGetobject(IntPtr wparam, IntPtr lparam, Visual root, IntPtr handle)\n   at System.Windows.Interop.HwndTarget.HandleMessage(Int32 msg, IntPtr wparam, IntPtr lparam)\n   at System.Windows.Interop.HwndSource.HwndTargetFilterMessage(IntPtr hwnd, Int32 msg, IntPtr wParam, IntPtr lParam, Boolean& handled)\n   at MS.Win32.HwndWrapper.WndProc(IntPtr hwnd, Int32 msg, IntPtr wParam, IntPtr lParam, Boolean& handled)\n   at MS.Win32.HwndSubclass.DispatcherCallbackOperation(Object o)\n   at System.Windows.Threading.ExceptionWrapper.InternalRealCall(Delegate callback, Object args, Boolean isSingleParameter)\n   at System.Windows.Threading.ExceptionWrapper.TryCatchWhen(Object source, Delegate callback, Object args, Boolean isSingleParameter, Delegate catchHandler)\n   at System.Windows.Threading.Dispatcher.InvokeImpl(DispatcherPriority priority, TimeSpan timeout, Delegate method, Object args, Boolean isSingleParameter)\n   at MS.Win32.HwndSubclass.SubclassWndProc(IntPtr hwnd, Int32 msg, IntPtr wParam, IntPtr lParam)",
    "LastUpdatedDate": "2013-02-14T11:11:48.993-08:00",
    "PlannedForRelease": "",
    "ReleaseVisibleToPublic": false,
    "Priority": {
      "Name": "Low",
      "Severity": 50,
      "Id": 1
    },
    "ProjectName": "wpfcarousel",
    "ReportedDate": "2012-02-04T14:45:50.207-08:00",
    "Status": {
      "Name": "Proposed",
      "Id": 1
    },
    "ReasonClosed": {
      "Name": "Unassigned"
    },
    "Summary": "NullReferenceException on Demo Launch",
    "Type": {
      "Name": "Issue",
      "Id": 3
    },
    "VoteCount": 1,
    "Id": 1009
  },
  "FileAttachments": [],
  "Comments": [
    {
      "Message": "Note that this does not happen every time.",
      "PostedDate": "2012-02-04T14:50:37.7-08:00",
      "Id": -2147483648
    },
    {
      "Message": "",
      "PostedDate": "2013-02-14T11:11:48.993-08:00",
      "Id": -2147483648
    }
  ]
}