[
  {
    "Id": "0",
    "Name": "Version 1.0",
    "DevelopmentStatus": "Stable",
    "Description": "! Silverlight Carousel - Initial Release\n\nThis should be a stable release (I have been using it in several websites as well as production applications).\n\n!! Includes:\n* Ability to control rotation speed\n* Ability to control item fade (opacity) as they move into the background\n* Ability to control item scale (size) as they move into the background\n* Ability to set carousel orientation (vertical or horizontal)\n* Ability to set carousel perspective angle (to easier see the objects in the back)\n* UIAutomation test that shows how the carousel can be driven in tests\n\n!! Future plans:\n* Auto - rotate mode\n* Full UIAutomation pattern integration\n* Full 100% code coverage\n\n!! Known Issues:\n* Controls that handle/swallow click events (buttons/textboxes/etc.) will not be selected/rotated when clicked on. \n* No UIAutomation support (documentation on implementing this is very hard to find) \n* No keyboard support",
    "ReleasedDatge": "0001-01-01T00:00:00",
    "ModifiedDate": "2010-08-10T12:47:21.54-07:00",
    "Files": [
      {
        "Id": "c7227322-177e-4554-afbd-48955b403483",
        "FileName": "WPFCarouselDemo.zip",
        "Url": "./0/c7227322-177e-4554-afbd-48955b403483",
        "Type": "Application",
        "UploadDate": "2010-08-10T12:47:21.527-07:00"
      }
    ]
  }
]